Date;type;nb;net;rope;Latitude;Longitude
05/04/2020;CASIER/CAGE - TRAP/POT;1;0;0;43.282;-66.1843
04/04/2020;CASIER/CAGE - TRAP/POT;1;0;0;44.02;-66.245
12/04/2020;CASIER/CAGE - TRAP/POT;10;0;0;43.475;-66.0361
05/04/2020;CASIER/CAGE - TRAP/POT;3;0;3;;
12/04/2020;CASIER/CAGE - TRAP/POT;1;0;0;43.5031;-66.0317
18/04/2020;CASIER/CAGE - TRAP/POT;4;0;8;43.342;-66.101
17/04/2020;CASIER/CAGE - TRAP/POT;1;0;0;43.3167;-65.7667
21/04/2020;CASIER/CAGE - TRAP/POT;1;0;0;;
21/04/2020;CASIER/CAGE - TRAP/POT;2;0;0;43.4183;-65.6736
24/04/2020;CASIER/CAGE - TRAP/POT;1;0;0;47.9723;-65.1153
18/04/2020;CASIER/CAGE - TRAP/POT;1;0;111;45.2654;-60.5635
18/04/2020;CASIER/CAGE - TRAP/POT;1;0;111;45.2303;-60.6884
18/04/2020;CASIER/CAGE - TRAP/POT;1;0;111;45.2024;-60.7019
18/04/2020;CASIER/CAGE - TRAP/POT;1;0;111;45.1905;-60.7241
18/04/2020;CASIER/CAGE - TRAP/POT;1;0;111;45.0782;-60.8619
18/04/2020;CASIER/CAGE - TRAP/POT;1;0;111;45.1115;-60.847
18/04/2020;CASIER/CAGE - TRAP/POT;1;0;111;45.1154;-60.8421
25/04/2020;CASIER/CAGE - TRAP/POT;1;0;360;47.9728;-60.6017
26/04/2020;CASIER/CAGE - TRAP/POT;1;0;240;47.3138;-63.5787
25/04/2020;CASIER/CAGE - TRAP/POT;1;0;360;47.7633;-64.0953
24/04/2020;CASIER/CAGE - TRAP/POT;1;0;950;45.635;-59.968
24/04/2020;CASIER/CAGE - TRAP/POT;1;0;950;45.6314;-59.9696
24/04/2020;CASIER/CAGE - TRAP/POT;1;0;950;45.6169;-59.9951
24/04/2020;CASIER/CAGE - TRAP/POT;1;0;950;45.6032;-60.0764
24/04/2020;CASIER/CAGE - TRAP/POT;1;0;950;;
24/04/2020;CASIER/CAGE - TRAP/POT;1;0;950;45.6121;-60.0122
24/04/2020;CASIER/CAGE - TRAP/POT;1;0;950;45.6072;-60.0208
24/04/2020;CASIER/CAGE - TRAP/POT;1;0;950;45.6033;-60.0263
24/04/2020;CASIER/CAGE - TRAP/POT;1;0;950;45.5955;-60.0515
24/04/2020;CASIER/CAGE - TRAP/POT;1;0;950;45.6097;-60.0585
24/04/2020;CASIER/CAGE - TRAP/POT;1;0;950;45.5904;-60.0637
24/04/2020;CASIER/CAGE - TRAP/POT;1;0;950;45.5902;-60.069
24/04/2020;CASIER/CAGE - TRAP/POT;1;0;950;45.5889;-60.0764
24/04/2020;CASIER/CAGE - TRAP/POT;1;0;950;45.59;-60.0729
24/04/2020;CASIER/CAGE - TRAP/POT;1;0;950;45.6576;-59.9419
24/04/2020;CASIER/CAGE - TRAP/POT;1;0;950;45.5908;-59.9419
24/04/2020;CASIER/CAGE - TRAP/POT;1;0;950;45.643;-59.9613
24/04/2020;CASIER/CAGE - TRAP/POT;6;0;3060;47.7968;-60.7796
26/04/2020;CASIER/CAGE - TRAP/POT;1;0;0;47.9423;-63.7608
25/04/2020;CASIER/CAGE - TRAP/POT;1;0;300;47.6698;-64.1274
25/04/2020;CASIER/CAGE - TRAP/POT;1;0;0;47.7598;-63.0272
26/04/2020;CASIER/CAGE - TRAP/POT;1;0;300;47.8375;-60.8265
16/04/2020;CASIER/CAGE - TRAP/POT;1;0;900;44.3673;-60.2211
16/04/2020;CASIER/CAGE - TRAP/POT;1;0;900;45.3544;-60.2458
16/04/2020;CASIER/CAGE - TRAP/POT;1;0;900;45.344;-60.2667
16/04/2020;CASIER/CAGE - TRAP/POT;1;0;900;45.3116;-60.2533
27/04/2020;CASIER/CAGE - TRAP/POT;2;0;72;;
26/04/2020;CASIER/CAGE - TRAP/POT;1;0;0;47.6947;-64.1293
26/04/2020;CASIER/CAGE - TRAP/POT;1;0;90;44.7681;-62.5209
26/04/2020;CASIER/CAGE - TRAP/POT;1;0;90;44.7747;-62.5325
25/04/2020;CASIER/CAGE - TRAP/POT;1;0;500;47.8033;-63.9511
01/04/2020;CASIER/CAGE - TRAP/POT;26;0;3400;44.4997;-63.503
;CASIER/CAGE - TRAP/POT;1;0;0;47.7961;-64.0667
28/04/2020;CASIER/CAGE - TRAP/POT;1;0;450;47.0794;-63.395
;CASIER/CAGE - TRAP/POT;2;0;0;43.4681;-65.8503
29/04/2020;CASIER/CAGE - TRAP/POT;1;0;0;47.9445;-63.7852
29/04/2020;CASIER/CAGE - TRAP/POT;1;0;0;47.4208;-63.2638
18/04/2020;CASIER/CAGE - TRAP/POT;1;0;780;45.2135;-60.6935
18/04/2020;CASIER/CAGE - TRAP/POT;1;0;780;45.2654;-60.5634
18/04/2020;CASIER/CAGE - TRAP/POT;1;0;780;45.2303;-60.6884
18/04/2020;CASIER/CAGE - TRAP/POT;1;0;780;45.2324;-60.7186
18/04/2020;CASIER/CAGE - TRAP/POT;1;0;780;45.1905;-60.7241
18/04/2020;CASIER/CAGE - TRAP/POT;1;0;780;45.0782;-60.8619
18/04/2020;CASIER/CAGE - TRAP/POT;1;0;780;45.1117;-60.847
18/04/2020;CASIER/CAGE - TRAP/POT;1;0;780;45.1154;-60.8421
27/04/2020;CASIER/CAGE - TRAP/POT;1;0;210;47.7633;-64.102
27/04/2020;CASIER/CAGE - TRAP/POT;1;0;210;47.7378;-64.1783
30/04/2020;CASIER/CAGE - TRAP/POT;1;0;0;47.2006;-62.6596
30/04/2020;CASIER/CAGE - TRAP/POT;1;0;420;;
24/04/2020;CASIER/CAGE - TRAP/POT;1;0;950;45.5955;-60.0515
30/04/2020;CASIER/CAGE - TRAP/POT;1;0;0;48.012;-62.7772
24/04/2020;CASIER/CAGE - TRAP/POT;1;0;450;47.756;-64.0315
;CASIER/CAGE - TRAP/POT;1;0;0;See Notes;See Notes
30/04/2020;CASIER/CAGE - TRAP/POT;1;0;500;48.2275;-64.6717
30/04/2020;CASIER/CAGE - TRAP/POT;1;0;500;48.1017;-64.8237
27/04/2020;CASIER/CAGE - TRAP/POT;1;0;75;46.8337;-61.321
27/04/2020;CASIER/CAGE - TRAP/POT;1;0;75;46.7548;-61.4736
27/04/2020;CASIER/CAGE - TRAP/POT;1;0;80;46.7544;-61.4687
27/04/2020;CASIER/CAGE - TRAP/POT;1;0;75;46.7532;-61.4544
27/04/2020;CASIER/CAGE - TRAP/POT;1;0;498;47.4831;-62.5247
30/04/2020;CASIER/CAGE - TRAP/POT;1;0;0;47.6279;-62.5156
30/04/2020;CASIER/CAGE - TRAP/POT;1;0;0;46.9549;-62.8074
30/04/2020;CASIER/CAGE - TRAP/POT;1;0;1200;45.188;-60.3301
30/04/2020;CASIER/CAGE - TRAP/POT;1;0;1200;45.1874;-60.329
30/04/2020;CASIER/CAGE - TRAP/POT;1;0;0;45.1935;-60.3313
02/05/2020;CASIER/CAGE - TRAP/POT;1;0;0;47.945;-63.7867
02/05/2020;CASIER/CAGE - TRAP/POT;1;0;240;48.0128;-63.4949
02/05/2020;CASIER/CAGE - TRAP/POT;1;0;240;47.999;-63.3364
03/05/2020;CASIER/CAGE - TRAP/POT;1;0;420;47.3067;-62.5762
03/05/2020;CASIER/CAGE - TRAP/POT;1;0;420;47.4943;-62.5267
02/05/2020;CASIER/CAGE - TRAP/POT;2;0;3;;
26/04/2020;CASIER/CAGE - TRAP/POT;1;0;1000;47.7589;-60.7341
03/05/2020;CASIER/CAGE - TRAP/POT;1;0;440;47.6303;-64.0508
04/05/2020;CASIER/CAGE - TRAP/POT;8;0;0;44.411;-64.0485
03/05/2020;CASIER/CAGE - TRAP/POT;1;0;500;47.8818;-63.7688
27/04/2020;CASIER/CAGE - TRAP/POT;1;0;0;48.8493;-67.7173
24/04/2020;CASIER/CAGE - TRAP/POT;1;0;720;48.8207;-69.7982
04/05/2020;CASIER/CAGE - TRAP/POT;2;0;0;47.9367;-64.9062
26/04/2020;CASIER/CAGE - TRAP/POT;3;0;0;43.5033;-66.2133
04/05/2020;CASIER/CAGE - TRAP/POT;1;0;36;47.7472;-64.7025
02/05/2020;CASIER/CAGE - TRAP/POT;1;0;490;47.3293;-62.683
03/05/2020;CASIER/CAGE - TRAP/POT;1;0;0;48.0955;-63.6481
03/05/2020;CASIER/CAGE - TRAP/POT;1;0;0;48.0953;-63.6678
03/05/2020;CASIER/CAGE - TRAP/POT;1;0;0;48.2667;-64.3543
24/04/2020;CASIER/CAGE - TRAP/POT;1;0;600;48.2628;-64.3053
30/04/2020;CASIER/CAGE - TRAP/POT;1;0;600;48.2575;-64.1633
03/05/2020;CASIER/CAGE - TRAP/POT;1;0;300;48.219;-63.7352
30/04/2020;CASIER/CAGE - TRAP/POT;1;0;600;48.0205;-63.7202
03/05/2020;CASIER/CAGE - TRAP/POT;1;0;600;47.913;-60.9717
02/05/2020;CASIER/CAGE - TRAP/POT;1;0;20;47.6243;-63.259
04/05/2020;CASIER/CAGE - TRAP/POT;5;0;25;45.5217;-60.9483
28/04/2020;CASIER/CAGE - TRAP/POT;1;0;550;47.884;-60.9222
04/05/2020;CASIER/CAGE - TRAP/POT;1;0;0;47.0243;-62.4727
04/05/2020;CASIER/CAGE - TRAP/POT;1;0;0;47.4271;-63.1965
05/05/2020;CASIER/CAGE - TRAP/POT;9;0;100;44.8904;-62.1856
06/04/2020;CASIER/CAGE - TRAP/POT;2;0;0;43.3009;-66.5474
26/04/2020;CASIER/CAGE - TRAP/POT;1;0;450;47.7853;-64.5389
30/04/2020;CASIER/CAGE - TRAP/POT;1;0;0;47.6081;-63.4622
03/05/2020;CASIER/CAGE - TRAP/POT;1;0;0;47.7603;-63.5258
03/05/2020;CASIER/CAGE - TRAP/POT;1;0;0;47.4122;-63.1823
03/05/2020;CASIER/CAGE - TRAP/POT;1;0;0;47.727;-63.9672
30/04/2020;CASIER/CAGE - TRAP/POT;1;0;12;47.4742;-62.4911
03/05/2020;CASIER/CAGE - TRAP/POT;2;0;75;48.0027;-63.5141
06/05/2020;CASIER/CAGE - TRAP/POT;1;0;6;47.6402;-64.2442
07/05/2020;CASIER/CAGE - TRAP/POT;2;0;300;47.229;-62.628
03/05/2020;CASIER/CAGE - TRAP/POT;1;0;450;47.8069;-63.7156
24/04/2020;CASIER/CAGE - TRAP/POT;1;0;0;47.9211;-64.0299
02/05/2020;CASIER/CAGE - TRAP/POT;1;0;0;47.8386;-64.0048
07/05/2020;CASIER/CAGE - TRAP/POT;2;0;600;47.1462;-62.6515
07/05/2020;CASIER/CAGE - TRAP/POT;1;0;450;47.7321;-63.3658
02/05/2020;CASIER/CAGE - TRAP/POT;1;0;0;47.5888;-63.5305
03/05/2020;CASIER/CAGE - TRAP/POT;1;0;0;47.6981;-63.205
03/05/2020;CASIER/CAGE - TRAP/POT;1;0;0;47.8214;-62.9089
04/05/2020;CASIER/CAGE - TRAP/POT;1;0;6;49.2802;-68.0096
08/05/2020;CASIER/CAGE - TRAP/POT;1;0;0;47.8334;-62.8839
09/05/2020;CASIER/CAGE - TRAP/POT;1;0;0;47.4998;-63.4753
08/05/2020;CASIER/CAGE - TRAP/POT;1;0;450;48.0497;-61.3517
01/05/2020;CASIER/CAGE - TRAP/POT;1;0;450;48.0389;-61.3408
08/05/2020;CASIER/CAGE - TRAP/POT;1;0;450;48.0483;-61.395
04/05/2020;CASIER/CAGE - TRAP/POT;1;0;500;47.8033;-63.9525
04/05/2020;CASIER/CAGE - TRAP/POT;1;0;500;48.1136;-63.5219
04/05/2020;CASIER/CAGE - TRAP/POT;1;0;500;48.1136;-63.5219
04/05/2020;CASIER/CAGE - TRAP/POT;1;0;500;47.9981;-63.7858
10/05/2020;CASIER/CAGE - TRAP/POT;1;0;420;47.9031;-63.8242
07/05/2020;CASIER/CAGE - TRAP/POT;1;0;420;47.3992;-63.2583
02/05/2020;CASIER/CAGE - TRAP/POT;1;0;500;47.3947;-63.2165
02/05/2020;CASIER/CAGE - TRAP/POT;1;0;500;47.9167;-63.7833
02/05/2020;CASIER/CAGE - TRAP/POT;1;0;500;48;-63.8167
08/05/2020;CASIER/CAGE - TRAP/POT;1;0;450;47.85;-63.8167
09/05/2020;CASIER/CAGE - TRAP/POT;7;0;504;47.745;-64.1018
11/05/2020;CASIER/CAGE - TRAP/POT;1;0;0;47.3219;-61.5831
11/05/2020;CASIER/CAGE - TRAP/POT;3;0;0;47.3617;-63.1992
09/05/2020;CASIER/CAGE - TRAP/POT;6;0;0;44.6833;-66.4
09/05/2020;CASIER/CAGE - TRAP/POT;3;0;0;45.6647;-60.7917
24/04/2020;;1;0;0;45.6617;-60.8067
12/05/2020;CASIER/CAGE - TRAP/POT;1;0;0;47.9297;-62.7286
06/05/2020;CASIER/CAGE - TRAP/POT;1;0;90;48.1392;-63.6378
12/05/2020;CASIER/CAGE - TRAP/POT;1;0;0;48.0507;-62.6965
04/05/2020;CASIER/CAGE - TRAP/POT;1;0;0;47.6307;-62.5298
04/05/2020;CASIER/CAGE - TRAP/POT;1;0;0;47.5188;-62.511
04/05/2020;CASIER/CAGE - TRAP/POT;1;0;0;47.4923;-62.5708
04/05/2020;CASIER/CAGE - TRAP/POT;1;0;0;47.441;-62.5528
11/05/2020;CASIER/CAGE - TRAP/POT;1;0;0;47.6153;-62.5447
11/05/2020;CASIER/CAGE - TRAP/POT;1;0;0;47.0831;-62.6164
08/05/2020;CASIER/CAGE - TRAP/POT;1;0;0;47.4134;-63.1875
08/05/2020;CASIER/CAGE - TRAP/POT;1;0;0;47.448;-63.2842
08/05/2020;CASIER/CAGE - TRAP/POT;1;0;0;47.3896;-63.2244
09/05/2020;CASIER/CAGE - TRAP/POT;1;0;0;47.5608;-63.3906
09/05/2020;CASIER/CAGE - TRAP/POT;1;0;0;47.5942;-63.3094
11/05/2020;CASIER/CAGE - TRAP/POT;1;0;7;47.5107;-63.3657
11/05/2020;CASIER/CAGE - TRAP/POT;1;0;7;47.5708;-63.381
07/05/2020;CASIER/CAGE - TRAP/POT;1;0;0;47.3856;-63.2219
07/05/2020;CASIER/CAGE - TRAP/POT;1;0;0;47.6372;-62.5219
12/05/2020;CASIER/CAGE - TRAP/POT;1;0;0;48.0507;-62.6965
08/05/2020;CASIER/CAGE - TRAP/POT;1;0;0;47.5464;-62.5139
07/05/2020;CASIER/CAGE - TRAP/POT;1;0;450;47.8827;-62.4328
07/05/2020;CASIER/CAGE - TRAP/POT;1;0;450;47.9038;-62.3603
12/05/2020;CASIER/CAGE - TRAP/POT;1;0;0;47.9297;-62.7286
12/05/2020;CASIER/CAGE - TRAP/POT;2;0;0;See Notes;See Notes
08/05/2020;CASIER/CAGE - TRAP/POT;1;0;492;47.9637;-62.2407
12/05/2020;CASIER/CAGE - TRAP/POT;20;0;120;45.234;-60.9958
08/05/2020;CASIER/CAGE - TRAP/POT;1;0;90;47.3719;-62.5469
26/04/2020;CASIER/CAGE - TRAP/POT;1;0;450;47.1103;-62.5377
26/04/2020;CASIER/CAGE - TRAP/POT;1;0;450;47.0516;-62.4438
11/05/2020;CASIER/CAGE - TRAP/POT;1;0;0;48.0975;-63.5137
13/05/2020;CASIER/CAGE - TRAP/POT;1;0;0;43.4032;-65.6888
11/05/2020;CASIER/CAGE - TRAP/POT;1;0;450;47.6495;-64.2482
09/05/2020;CASIER/CAGE - TRAP/POT;19;0;0;See Notes;See Notes
14/05/2020;CASIER/CAGE - TRAP/POT;1;0;780;45.0867;-60.853
14/05/2020;CASIER/CAGE - TRAP/POT;1;0;780;45.1133;-60.828
14/05/2020;CASIER/CAGE - TRAP/POT;1;0;780;45.064;-60.9613
14/05/2020;CASIER/CAGE - TRAP/POT;1;0;780;45.0903;-60.8693
14/05/2020;CASIER/CAGE - TRAP/POT;1;0;780;45.2218;-60.7262
14/05/2020;CASIER/CAGE - TRAP/POT;1;0;780;45.2108;-60.7388
14/05/2020;CASIER/CAGE - TRAP/POT;1;0;780;45.2191;-60.5942
14/05/2020;CASIER/CAGE - TRAP/POT;1;0;780;45.0312;-60.8063
14/05/2020;CASIER/CAGE - TRAP/POT;1;0;780;45.0283;-60.8438
14/05/2020;CASIER/CAGE - TRAP/POT;1;0;780;45.0207;-60.8563
07/05/2020;CASIER/CAGE - TRAP/POT;1;0;0;47.713;-63.2034
12/05/2020;CASIER/CAGE - TRAP/POT;1;0;300;47.018;-62.7513
15/05/2020;CASIER/CAGE - TRAP/POT;1;0;40;47.7731;-63.0506
15/05/2020;CASIER/CAGE - TRAP/POT;1;0;450;47.73;-63.578
12/05/2020;CASIER/CAGE - TRAP/POT;2;0;0;48.6492;-64.0289
15/05/2020;CASIER/CAGE - TRAP/POT;1;0;400;47.5417;-62.4555
15/05/2020;CASIER/CAGE - TRAP/POT;1;0;25;47.473;-62.5213
15/05/2020;CASIER/CAGE - TRAP/POT;1;0;15;47.4512;-62.4975
15/05/2020;CASIER/CAGE - TRAP/POT;1;0;500;47.8555;-64.0812
15/05/2020;CASIER/CAGE - TRAP/POT;1;0;500;47.6771;-64.1467
15/05/2020;CASIER/CAGE - TRAP/POT;1;0;500;47.7377;-64.0583
15/05/2020;CASIER/CAGE - TRAP/POT;1;0;500;47.9502;-64.0343
15/05/2020;CASIER/CAGE - TRAP/POT;1;0;500;48.2828;-64.1893
15/05/2020;CASIER/CAGE - TRAP/POT;1;0;500;48.283;-64.1947
15/05/2020;CASIER/CAGE - TRAP/POT;1;0;500;48.283;-64.1987
15/05/2020;CASIER/CAGE - TRAP/POT;1;0;500;48.204;-64.379
11/05/2020;CASIER/CAGE - TRAP/POT;1;0;450;47.4393;-62.5477
12/05/2020;CASIER/CAGE - TRAP/POT;2;0;600;48.1188;-62.7165
07/05/2020;CASIER/CAGE - TRAP/POT;1;0;300;47.8361;-63.8195
08/05/2020;CASIER/CAGE - TRAP/POT;1;0;80;47.5535;-63.3612
30/04/2020;CASIER/CAGE - TRAP/POT;1;0;80;47.6504;-64.1268
12/05/2020;CASIER/CAGE - TRAP/POT;1;0;600;48.2322;-63.763
17/05/2020;CASIER/CAGE - TRAP/POT;1;0;0;;
17/05/2020;CASIER/CAGE - TRAP/POT;1;0;0;46.8639;-63.9297
17/05/2020;CASIER/CAGE - TRAP/POT;1;0;0;46.777;-64.0116
14/05/2020;CASIER/CAGE - TRAP/POT;1;0;0;46.8742;-63.9719
17/05/2020;CASIER/CAGE - TRAP/POT;1;0;450;47.5062;-63.4478
17/05/2020;CASIER/CAGE - TRAP/POT;1;0;450;47.4967;-63.4445
17/05/2020;CASIER/CAGE - TRAP/POT;1;0;450;47.446;-63.4717
15/05/2020;CASIER/CAGE - TRAP/POT;6;0;0;See Notes;See Notes
14/05/2020;CASIER/CAGE - TRAP/POT;15;0;2220;40.6731;-65.7596
12/05/2020;CASIER/CAGE - TRAP/POT;1;0;500;47.8883;-62.7817
12/05/2020;CASIER/CAGE - TRAP/POT;1;0;500;47.8883;-62.7817
17/05/2020;CASIER/CAGE - TRAP/POT;1;0;480;45.7449;-62.5305
17/05/2020;CASIER/CAGE - TRAP/POT;1;0;480;47.7567;-62.5342
18/05/2020;CASIER/CAGE - TRAP/POT;1;0;480;47.2522;-62.6608
07/05/2020;CASIER/CAGE - TRAP/POT;3;0;0;48.1785;-62.6733
09/05/2020;CASIER/CAGE - TRAP/POT;10;0;960;45.1774;-61.3351
17/05/2020;CASIER/CAGE - TRAP/POT;1;0;0;46.7372;-63.8783
18/05/2020;CASIER/CAGE - TRAP/POT;1;0;0;;
16/05/2020;CASIER/CAGE - TRAP/POT;1;0;300;47.0253;-62.7245
16/05/2020;CASIER/CAGE - TRAP/POT;1;0;0;47.999;-63.5572
18/05/2020;CASIER/CAGE - TRAP/POT;1;0;0;47.0673;-62.7237
11/05/2020;CASIER/CAGE - TRAP/POT;1;0;180;45.2023;-60.5352
11/05/2020;CASIER/CAGE - TRAP/POT;1;0;180;45.2104;-60.6198
11/05/2020;CASIER/CAGE - TRAP/POT;1;0;180;45.2065;-60.5106
11/05/2020;CASIER/CAGE - TRAP/POT;1;0;180;45.2011;-60.5082
11/05/2020;CASIER/CAGE - TRAP/POT;1;0;180;45.1918;-60.507
11/05/2020;CASIER/CAGE - TRAP/POT;1;0;180;45.1962;-60.5068
11/05/2020;CASIER/CAGE - TRAP/POT;1;0;180;45.199;-60.5237
11/05/2020;CASIER/CAGE - TRAP/POT;1;0;180;45.1826;-60.5484
11/05/2020;CASIER/CAGE - TRAP/POT;1;0;450;47.4417;-62.5383
11/05/2020;CASIER/CAGE - TRAP/POT;1;0;0;47.9882;-62.8288
16/05/2020;CASIER/CAGE - TRAP/POT;1;0;0;48.1468;-63.4527
16/05/2020;CASIER/CAGE - TRAP/POT;1;0;0;48.037;-62.748
16/05/2020;CASIER/CAGE - TRAP/POT;1;0;0;48.1183;-62.73
16/05/2020;CASIER/CAGE - TRAP/POT;1;0;0;47.0213;-62.7757
09/05/2020;CASIER/CAGE - TRAP/POT;4;0;150;See Notes;See Notes
15/05/2020;CASIER/CAGE - TRAP/POT;1;0;0;47.705;-63.1775
15/05/2020;CASIER/CAGE - TRAP/POT;1;0;0;47.6587;-63.1842
18/05/2020;CASIER/CAGE - TRAP/POT;1;0;0;47.509;-63.3625
17/05/2020;CASIER/CAGE - TRAP/POT;1;0;0;;
15/05/2020;CASIER/CAGE - TRAP/POT;1;0;0;;
16/05/2020;CASIER/CAGE - TRAP/POT;1;0;0;48.1727;-63.4922
17/05/2020;CASIER/CAGE - TRAP/POT;1;0;0;46.4855;-62.0302
18/05/2020;CASIER/CAGE - TRAP/POT;1;0;0;46.5022;-62.088
17/05/2020;CASIER/CAGE - TRAP/POT;2;0;0;46.8245;-63.976
18/05/2020;CASIER/CAGE - TRAP/POT;1;0;0;46.914;-63.9625
18/05/2020;CASIER/CAGE - TRAP/POT;1;0;0;46.7817;-63.8993
16/05/2020;CASIER/CAGE - TRAP/POT;2;0;600;47.0327;-62.551
11/05/2020;CASIER/CAGE - TRAP/POT;1;0;450;47.3109;-63.095
17/05/2020;CASIER/CAGE - TRAP/POT;1;0;0;47.7576;-63.3657
17/05/2020;CASIER/CAGE - TRAP/POT;1;0;0;47.8097;-63.4353
17/05/2020;CASIER/CAGE - TRAP/POT;1;0;0;47.7916;-63.4562
17/05/2020;CASIER/CAGE - TRAP/POT;1;0;0;47.6569;-63.4838
12/05/2020;CASIER/CAGE - TRAP/POT;1;0;0;47.8222;-62.9185
12/05/2020;CASIER/CAGE - TRAP/POT;1;0;0;47.8158;-62.9017
12/05/2020;CASIER/CAGE - TRAP/POT;1;0;0;47.8145;-62.9047
10/05/2020;CASIER/CAGE - TRAP/POT;7;0;120;45.0826;-61.5371
18/05/2020;CASIER/CAGE - TRAP/POT;1;0;0;46.4656;-62.0681
03/05/2020;CASIER/CAGE - TRAP/POT;1;0;900;45.6107;-59.6768
03/05/2020;CASIER/CAGE - TRAP/POT;1;0;900;45.6107;-59.6592
03/05/2020;CASIER/CAGE - TRAP/POT;1;0;900;45.6189;-59.6458
03/05/2020;CASIER/CAGE - TRAP/POT;1;0;900;45.6208;-59.6458
03/05/2020;CASIER/CAGE - TRAP/POT;1;0;900;45.6248;-59.6304
03/05/2020;CASIER/CAGE - TRAP/POT;1;0;900;45.656;-59.4339
03/05/2020;CASIER/CAGE - TRAP/POT;1;0;900;45.6646;-59.3927
20/05/2020;CASIER/CAGE - TRAP/POT;1;0;498;47.3567;-62.5531
15/05/2020;CASIER/CAGE - TRAP/POT;1;0;0;47.4285;-63.29
15/05/2020;CASIER/CAGE - TRAP/POT;1;0;0;47.6677;-63.5048
16/05/2020;CASIER/CAGE - TRAP/POT;1;0;0;47.6955;-62.5918
16/05/2020;CASIER/CAGE - TRAP/POT;1;0;0;47.6613;-62.5577
17/05/2020;CASIER/CAGE - TRAP/POT;1;0;0;47.6602;-62.5967
11/05/2020;CASIER/CAGE - TRAP/POT;1;0;0;45.1709;-61.3556
15/05/2020;CASIER/CAGE - TRAP/POT;1;0;600;47.5928;-64.2853
;CASIER/CAGE - TRAP/POT;1;0;0;46.1434;-60.0055
19/05/2020;CASIER/CAGE - TRAP/POT;1;0;0;47.8264;-62.8794
06/05/2020;CASIER/CAGE - TRAP/POT;1;0;750;49.4178;-67.1458
06/05/2020;CASIER/CAGE - TRAP/POT;1;0;750;49.3269;-67.2672
15/05/2020;CASIER/CAGE - TRAP/POT;1;0;450;47.3207;-63.1336
17/05/2020;CASIER/CAGE - TRAP/POT;1;0;498;47.3494;-62.5289
04/05/2020;CASIER/CAGE - TRAP/POT;1;0;36;44.7083;-62.6729
04/05/2020;CASIER/CAGE - TRAP/POT;1;0;198;44.702;-62.6657
04/05/2020;CASIER/CAGE - TRAP/POT;1;0;18;44.6938;-62.6185
04/05/2020;CASIER/CAGE - TRAP/POT;1;0;198;44.7022;-62.6373
04/05/2020;CASIER/CAGE - TRAP/POT;1;0;198;44.7048;-62.6322
04/05/2020;CASIER/CAGE - TRAP/POT;1;0;48;;
29/04/2020;CASIER/CAGE - TRAP/POT;1;0;420;47.1131;-62.6439
29/04/2020;CASIER/CAGE - TRAP/POT;1;0;420;46.9932;-62.8047
29/04/2020;CASIER/CAGE - TRAP/POT;1;0;420;47.3592;-63.5199
09/05/2020;CASIER/CAGE - TRAP/POT;8;0;576;See Notes;See Notes
06/04/2020;CASIER/CAGE - TRAP/POT;9;0;0;44.2683;-64.1811
07/05/2020;CASIER/CAGE - TRAP/POT;2;0;900;47.5;-63.5167
24/04/2020;CASIER/CAGE - TRAP/POT;1;0;420;47.3342;-63.5443
03/05/2020;CASIER/CAGE - TRAP/POT;1;0;282;47.83;-64.0515
04/05/2020;CASIER/CAGE - TRAP/POT;1;0;720;46.7297;-60.0808
;CASIER/CAGE - TRAP/POT;1;0;60;46.2167;-59.95
20/05/2020;CASIER/CAGE - TRAP/POT;1;0;225;46.9424;-62.8421
21/05/2020;CASIER/CAGE - TRAP/POT;2;0;600;See Notes;See Notes
12/05/2020;CASIER/CAGE - TRAP/POT;1;0;510;47.8555;-60.8473
15/05/2020;CASIER/CAGE - TRAP/POT;1;0;90;40.7427;-62.2122
20/05/2020;CASIER/CAGE - TRAP/POT;1;0;0;45.166;-61.2667
19/05/2020;CASIER/CAGE - TRAP/POT;1;0;450;47.7998;-62.4795
19/05/2020;CASIER/CAGE - TRAP/POT;1;0;450;47.7798;-62.434
14/05/2020;CASIER/CAGE - TRAP/POT;1;0;25277;47.74;-64.1809
14/05/2020;CASIER/CAGE - TRAP/POT;1;0;25304;47.4129;-63.9357
18/05/2020;CASIER/CAGE - TRAP/POT;1;0;450;47.8587;-62.8177
21/05/2020;CASIER/CAGE - TRAP/POT;4;0;32;See Notes;See Notes
20/05/2020;CASIER/CAGE - TRAP/POT;2;0;600;46.9923;-63.0378
17/05/2020;CASIER/CAGE - TRAP/POT;1;0;0;See Notes;See Notes
18/05/2020;CASIER/CAGE - TRAP/POT;1;0;480;48.6986;-64.1839
09/05/2020;CASIER/CAGE - TRAP/POT;12;0;0;45.565417;60.733183
12/05/2020;CASIER/CAGE - TRAP/POT;3;0;120;45.06455;61.638583
22/05/2020;CASIER/CAGE - TRAP/POT;1;0;0;46.656667;61.016367
16/05/2020;CASIER/CAGE - TRAP/POT;1;0;400;46.8208;61.800933
09/05/2020;CASIER/CAGE - TRAP/POT;1;0;90;;
09/05/2020;CASIER/CAGE - TRAP/POT;1;0;90;;
09/05/2020;CASIER/CAGE - TRAP/POT;1;0;90;;
09/05/2020;CASIER/CAGE - TRAP/POT;1;0;90;;
09/05/2020;CASIER/CAGE - TRAP/POT;1;0;90;;
09/05/2020;CASIER/CAGE - TRAP/POT;1;0;180;;
09/05/2020;CASIER/CAGE - TRAP/POT;1;0;90;45.3039;-61.552
24/05/2020;CASIER/CAGE - TRAP/POT;1;0;450;47.7251;-63.6669
24/05/2020;CASIER/CAGE - TRAP/POT;1;0;0;47.7468;-63.1668
24/05/2020;CASIER/CAGE - TRAP/POT;1;0;48;46.9186;-60.415
24/05/2020;CASIER/CAGE - TRAP/POT;1;0;24;46.9237;-60.4383
24/05/2020;CASIER/CAGE - TRAP/POT;1;0;450;47.0821;-62.7017
15/05/2020;CASIER/CAGE - TRAP/POT;1;0;36;47.378;-62.5263
30/04/2020;CASIER/CAGE - TRAP/POT;3;0;0;47.9341;-65.0136
16/05/2020;CASIER/CAGE - TRAP/POT;4;0;210;47.5116;-64.5916
20/05/2020;CASIER/CAGE - TRAP/POT;1;0;510;47.776;-60.833
24/05/2020;CASIER/CAGE - TRAP/POT;1;0;450;47.1182;-62.7913
24/05/2020;CASIER/CAGE - TRAP/POT;1;0;450;46.9955;-63.0137
24/05/2020;CASIER/CAGE - TRAP/POT;1;0;0;47.3136;-63.0783
;CASIER/CAGE - TRAP/POT;1;0;0;46.7283;-61.6587
;CASIER/CAGE - TRAP/POT;1;0;0;46.9042;61.3975
;CASIER/CAGE - TRAP/POT;1;0;0;46.7793;-61.4383
24/05/2020;AUTRE - OTHER;1;0;0;46.9292;-63.0255
20/05/2020;CASIER/CAGE - TRAP/POT;1;0;510;47.7238;-63.2812
20/05/2020;CASIER/CAGE - TRAP/POT;1;0;510;46.9587;-63.098
17/05/2020;CASIER/CAGE - TRAP/POT;1;0;350;46.354;-61.535
22/05/2020;CASIER/CAGE - TRAP/POT;1;0;390;46.9607;-62.98
18/05/2020;AUTRE - OTHER;1;0;0;47.6983;-63.5035
18/05/2020;AUTRE - OTHER;1;0;0;47.731;-63.5793
18/05/2020;AUTRE - OTHER;1;0;0;47.7177;-63.548
18/05/2020;AUTRE - OTHER;1;0;0;47.5113;-63.6263
19/05/2020;AUTRE - OTHER;1;0;0;47.6073;-63.2943
24/05/2020;CASIER/CAGE - TRAP/POT;1;0;510;47.7493;-63.6836
21/05/2020;CASIER/CAGE - TRAP/POT;1;0;450;46.8579;-61.6111
25/05/2020;CASIER/CAGE - TRAP/POT;2;0;150;45.8155;-63.2228
20/05/2020;CASIER/CAGE - TRAP/POT;1;0;500;48.1406;-63.69
;;3;0;0;See Notes;See Notes
25/05/2020;CASIER/CAGE - TRAP/POT;1;0;0;47.6858;-64.0047
17/05/2020;CASIER/CAGE - TRAP/POT;2;0;450;46.829;-61.8189
26/05/2020;CASIER/CAGE - TRAP/POT;1;0;300;47.9412;-62.9093
26/05/2020;CASIER/CAGE - TRAP/POT;1;0;500;47.1827;-62.6692
24/05/2020;CASIER/CAGE - TRAP/POT;1;0;480;47.3563;-62.5208
25/05/2020;CASIER/CAGE - TRAP/POT;1;0;0;47.0119;-62.4717
24/05/2020;CASIER/CAGE - TRAP/POT;1;0;0;46.9636;-62.8871
24/05/2020;CASIER/CAGE - TRAP/POT;1;0;0;46.9608;-62.8859
27/05/2020;CASIER/CAGE - TRAP/POT;1;0;0;See Notes;See Notes
19/05/2020;CASIER/CAGE - TRAP/POT;1;0;450;47.7433;-63.21
19/05/2020;CASIER/CAGE - TRAP/POT;1;0;450;47.715;-63.0967
27/05/2020;CASIER/CAGE - TRAP/POT;1;0;100;46.4908;-63.3066
28/05/2020;CASIER/CAGE - TRAP/POT;1;0;0;46.4933;-62.1069
24/05/2020;CASIER/CAGE - TRAP/POT;1;0;600;48.5275;-64.1153
24/05/2020;CASIER/CAGE - TRAP/POT;1;0;600;48.4725;-64.0386
25/05/2020;CASIER/CAGE - TRAP/POT;1;0;0;47.5082;-63.3343
25/05/2020;CASIER/CAGE - TRAP/POT;1;0;0;47.5958;-63.3425
25/05/2020;CASIER/CAGE - TRAP/POT;1;0;0;47.5837;-63.3195
26/05/2020;AUTRE - OTHER;1;0;0;42.7268;-63.2722
26/05/2020;AUTRE - OTHER;1;0;0;47.5262;-63.4438
28/05/2020;CASIER/CAGE - TRAP/POT;1;0;0;46.88;-63.9567
27/05/2020;CASIER/CAGE - TRAP/POT;1;0;420;47.1605;-63.2457
27/05/2020;CASIER/CAGE - TRAP/POT;1;0;0;46.9678;-62.8577
27/05/2020;CASIER/CAGE - TRAP/POT;1;0;0;46.8685;-62.9652
27/05/2020;CASIER/CAGE - TRAP/POT;1;0;0;47.0143;-62.9632
27/05/2020;CASIER/CAGE - TRAP/POT;1;0;0;47.879;-62.9928
28/05/2020;CASIER/CAGE - TRAP/POT;1;0;0;48.1864;-63.5414
24/05/2020;CASIER/CAGE - TRAP/POT;1;0;410;47.4628;-63.2931
24/05/2020;CASIER/CAGE - TRAP/POT;1;0;410;47.3819;-63.1328
24/05/2020;CASIER/CAGE - TRAP/POT;1;0;410;47.4275;-63.1044
27/05/2020;CASIER/CAGE - TRAP/POT;1;0;300;46.9648;-63.0638
15/05/2020;CASIER/CAGE - TRAP/POT;6;0;0;See notes;See notes
03/05/2020;CASIER/CAGE - TRAP/POT;1;0;0;47.8526;-63.8647
03/05/2020;CASIER/CAGE - TRAP/POT;1;0;0;47.8692;-63.8511
28/05/2020;CASIER/CAGE - TRAP/POT;1;0;0;46.8498;-63.9547
26/05/2020;CASIER/CAGE - TRAP/POT;1;0;0;47.5482;-63.5168
25/05/2020;CASIER/CAGE - TRAP/POT;1;0;0;47.5692;-63.1767
25/05/2020;CASIER/CAGE - TRAP/POT;1;0;0;47.5408;-63.2067
25/05/2020;CASIER/CAGE - TRAP/POT;1;0;0;47.5308;-63.205
23/05/2020;CASIER/CAGE - TRAP/POT;3;0;0;See Notes;See Notes
24/05/2020;CASIER/CAGE - TRAP/POT;1;0;390;47.6239;-64.2108
27/05/2020;CASIER/CAGE - TRAP/POT;1;0;0;46.0143;-62.4307
28/05/2020;CASIER/CAGE - TRAP/POT;1;0;500;47.7988;-64.0132
22/05/2020;CASIER/CAGE - TRAP/POT;1;0;90;See notes;See notes
28/05/2020;CASIER/CAGE - TRAP/POT;1;0;0;47.7919;-63.0358
17/05/2020;CASIER/CAGE - TRAP/POT;1;0;600;48.2202;-63.4506
24/05/2020;CASIER/CAGE - TRAP/POT;1;0;480;47.006;-62.4978
09/05/2020;CASIER/CAGE - TRAP/POT;5;0;540;45.2421;-60.985
28/05/2020;CASIER/CAGE - TRAP/POT;1;0;75;47.3908;-60.855
27/05/2020;CASIER/CAGE - TRAP/POT;1;0;450;47.619;-64.1848
27/05/2020;CASIER/CAGE - TRAP/POT;1;0;450;47.5161;-63.3333
24/05/2020;CASIER/CAGE - TRAP/POT;1;0;0;47.504;-63.371
24/05/2020;CASIER/CAGE - TRAP/POT;1;0;0;47.527;-63.4177
31/05/2020;CASIER/CAGE - TRAP/POT;1;0;0;46.7362;-63.9775
19/05/2020;CASIER/CAGE - TRAP/POT;1;0;600;47.5617;-63.7183
20/05/2020;CASIER/CAGE - TRAP/POT;1;0;600;46.9617;-63.1433
18/05/2020;CASIER/CAGE - TRAP/POT;1;0;600;47.695;-63.63
29/05/2020;CASIER/CAGE - TRAP/POT;1;0;0;See Notes;See Notes
24/05/2020;CASIER/CAGE - TRAP/POT;1;0;420;47.4277;-63.327
24/05/2020;CASIER/CAGE - TRAP/POT;1;0;420;47.4445;-63.2873
24/05/2020;CASIER/CAGE - TRAP/POT;1;0;420;47.4256;-63.234
09/05/2020;CASIER/CAGE - TRAP/POT;4;0;540;45.2094;-61.1958
28/05/2020;CASIER/CAGE - TRAP/POT;1;0;225;46.9186;-62.9129
01/06/2020;CASIER/CAGE - TRAP/POT;1;0;0;46.0028;-62.4283
01/06/2020;CASIER/CAGE - TRAP/POT;2;0;150;45.8209;-63.2255
01/06/2020;CASIER/CAGE - TRAP/POT;2;0;150;45.8203;-63.2344
17/05/2020;CASIER/CAGE - TRAP/POT;1;0;1200;45.401;-60.2639
24/05/2020;CASIER/CAGE - TRAP/POT;1;0;400;47.5303;-64.2108
25/04/2020;CASIER/CAGE - TRAP/POT;1;0;0;48.1602;-62.6857
31/05/2020;CASIER/CAGE - TRAP/POT;1;0;240;46.7873;-62.0325
28/05/2020;CASIER/CAGE - TRAP/POT;1;0;0;47.5157;-63.5418
28/05/2020;CASIER/CAGE - TRAP/POT;1;0;0;47.5602;-63.5313
31/05/2020;CASIER/CAGE - TRAP/POT;1;0;0;47.7306;-64.2044
31/05/2020;CASIER/CAGE - TRAP/POT;1;0;0;47.6396;--64.2513
27/05/2020;CASIER/CAGE - TRAP/POT;1;0;390;47.661;-63.5415
01/06/2020;CASIER/CAGE - TRAP/POT;1;0;0;See notes;See notes
15/05/2020;CASIER/CAGE - TRAP/POT;1;0;0;47.3817;-63.051
15/05/2020;CASIER/CAGE - TRAP/POT;1;0;0;47.3943;-63.0605
21/05/2020;CASIER/CAGE - TRAP/POT;1;0;0;46.9607;-63.032
21/05/2020;CASIER/CAGE - TRAP/POT;1;0;0;46.9607;-63.0985
25/05/2020;CASIER/CAGE - TRAP/POT;1;0;0;46.9935;-62.9813
30/05/2020;CASIER/CAGE - TRAP/POT;1;0;0;46.8392;-62.9507
31/05/2020;CASIER/CAGE - TRAP/POT;1;0;0;46.8761;-63.9822
01/06/2020;CASIER/CAGE - TRAP/POT;4;0;270;48.2042;-64.3167
31/05/2020;CASIER/CAGE - TRAP/POT;4;0;0;See notes;See notes
30/05/2020;CASIER/CAGE - TRAP/POT;6;0;650;47.0867;-63.9767
19/05/2020;CASIER/CAGE - TRAP/POT;1;0;40;47.646;-64.241
02/06/2020;CASIER/CAGE - TRAP/POT;1;0;0;46.4981;-62.1522
16/05/2020;CASIER/CAGE - TRAP/POT;1;0;450;48.1405;-62.7645
15/05/2020;CASIER/CAGE - TRAP/POT;1;0;0;48.4117;-63.3678
15/05/2020;CASIER/CAGE - TRAP/POT;1;0;0;48.1457;-62.7782
15/05/2020;CASIER/CAGE - TRAP/POT;1;0;0;48.3648;-63.3097
15/05/2020;CASIER/CAGE - TRAP/POT;1;0;0;48.2255;-62.6642
24/04/2020;CASIER/CAGE - TRAP/POT;1;0;0;48.1665;-62.6973
29/04/2020;CASIER/CAGE - TRAP/POT;1;0;0;48.0853;-62.665
31/05/2020;CASIER/CAGE - TRAP/POT;1;0;450;47.78;-63.5483
15/05/2020;CASIER/CAGE - TRAP/POT;1;0;0;48.3508;-63.2892
15/05/2020;CASIER/CAGE - TRAP/POT;1;0;0;48.1555;-62.8343
03/05/2020;CASIER/CAGE - TRAP/POT;4;0;510;48.0357;-63.4907
28/05/2020;CASIER/CAGE - TRAP/POT;1;0;450;47.6367;-64.1161
17/05/2020;CASIER/CAGE - TRAP/POT;1;0;780;45.0407;-61.004
30/05/2020;CASIER/CAGE - TRAP/POT;1;0;0;47.4918;-63.4858
30/05/2020;CASIER/CAGE - TRAP/POT;1;0;0;47.4585;-63.4857
24/05/2020;CASIER/CAGE - TRAP/POT;1;0;0;47.4585;-63.1592
24/05/2020;CASIER/CAGE - TRAP/POT;1;0;0;47.6555;-63.4873
24/05/2020;CASIER/CAGE - TRAP/POT;1;0;0;47.5773;-63.492
24/05/2020;CASIER/CAGE - TRAP/POT;1;0;0;47.6342;-63.5077
31/05/2020;CASIER/CAGE - TRAP/POT;1;0;450;47.7357;-63.6677
03/06/2020;CASIER/CAGE - TRAP/POT;1;0;0;48.0328;-63.6996
03/06/2020;CASIER/CAGE - TRAP/POT;1;0;0;48.0328;-63.6993
04/06/2020;CASIER/CAGE - TRAP/POT;1;0;0;48.2422;-63.7328
02/06/2020;CASIER/CAGE - TRAP/POT;7;0;636;48.0036;-64.4485
03/06/2020;CASIER/CAGE - TRAP/POT;1;0;0;46.8338;-63.9985
03/06/2020;;1;0;0;46.8158;-63.9818
01/06/2020;AUTRE - OTHER;1;0;0;47.5802;-63.6718
26/05/2020;CASIER/CAGE - TRAP/POT;2;0;450;47.826;-64.0953
23/05/2020;CASIER/CAGE - TRAP/POT;3;0;100;45.2068;-61.3232
03/06/2020;CASIER/CAGE - TRAP/POT;1;0;0;45.7385;-62.6881
03/06/2020;CASIER/CAGE - TRAP/POT;5;0;1500;47.0287;-62.536
31/05/2020;CASIER/CAGE - TRAP/POT;1;0;0;43.3478;-65.5065
31/05/2020;CASIER/CAGE - TRAP/POT;1;0;0;43.3932;-65.5482
31/05/2020;CASIER/CAGE - TRAP/POT;1;0;0;43.353;-65.5042
31/05/2020;CASIER/CAGE - TRAP/POT;1;0;3;43.3683;-65.51
31/05/2020;AUTRE - OTHER;1;0;0;43.3654;-65.5086
31/05/2020;AUTRE - OTHER;1;0;0;43.3782;-65.5272
31/05/2020;AUTRE - OTHER;1;0;0;43.3505;-65.5535
04/06/2020;CASIER/CAGE - TRAP/POT;1;0;0;46.8118;-63.9795
02/06/2020;CASIER/CAGE - TRAP/POT;1;0;500;47.9263;-64.0446
01/06/2020;CASIER/CAGE - TRAP/POT;1;0;500;47.6728;-62.5158
03/06/2020;CASIER/CAGE - TRAP/POT;2;0;600;46.9538;-62.9653
04/06/2020;CASIER/CAGE - TRAP/POT;1;0;0;See notes;See notes
01/06/2020;CASIER/CAGE - TRAP/POT;1;0;0;47.5262;-63.1422
01/06/2020;CASIER/CAGE - TRAP/POT;1;0;0;47.5657;-63.1537
31/05/2020;CASIER/CAGE - TRAP/POT;1;0;222;43.935;-64.6567
31/05/2020;CASIER/CAGE - TRAP/POT;1;0;222;43.935;-64.6563
31/05/2020;CASIER/CAGE - TRAP/POT;1;0;222;43.935;-64.658
31/05/2020;CASIER/CAGE - TRAP/POT;1;0;222;43.935;-64.6573
31/05/2020;CASIER/CAGE - TRAP/POT;1;0;222;43.935;-64.6592
31/05/2020;CASIER/CAGE - TRAP/POT;1;0;22;43.935;-64.6605
31/05/2020;CASIER/CAGE - TRAP/POT;1;0;222;43.935;-64.6618
31/05/2020;CASIER/CAGE - TRAP/POT;1;0;222;43.935;-64.663
31/05/2020;CASIER/CAGE - TRAP/POT;1;0;222;43.935;-64.6642
04/06/2020;;2;0;150;See notes;See notes
01/06/2020;;5;0;72;45.6919;-60.9838
31/05/2020;CASIER/CAGE - TRAP/POT;1;0;510;48.238;-64.7635
05/06/2020;CASIER/CAGE - TRAP/POT;1;0;300;45.9423;-62.9574
20/05/2020;CASIER/CAGE - TRAP/POT;1;0;75-80;47.2223;-62.6949
25/05/2020;CASIER/CAGE - TRAP/POT;1;0;480;47.3883;-62.5639
04/06/2020;CASIER/CAGE - TRAP/POT;1;0;600;47.7457;-60.8148
25/05/2020;CASIER/CAGE - TRAP/POT;1;0;0;48.285;-64.4865
25/05/2020;CASIER/CAGE - TRAP/POT;1;0;0;48.3021;-63.8639
24/05/2020;CASIER/CAGE - TRAP/POT;1;0;0;48.205;-64.205
17/05/2020;CASIER/CAGE - TRAP/POT;1;0;0;48.4694;-64.0235
17/05/2020;CASIER/CAGE - TRAP/POT;1;0;0;48.5486;-64.1271
05/06/2020;CASIER/CAGE - TRAP/POT;2;0;0;See notes;See notes
01/06/2020;CASIER/CAGE - TRAP/POT;1;0;500;48.1017;-63.8031
01/06/2020;CASIER/CAGE - TRAP/POT;1;0;500;48.1164;-63.8278
02/06/2020;CASIER/CAGE - TRAP/POT;1;0;400;47.7953;-63.7061
05/06/2020;CASIER/CAGE - TRAP/POT;1;0;0;46.8113;-63.9813
02/06/2020;CASIER/CAGE - TRAP/POT;1;0;400;47.8848;-64.0972
02/06/2020;CASIER/CAGE - TRAP/POT;1;0;400;47.7823;-64.1668
05/06/2020;CASIER/CAGE - TRAP/POT;1;0;0;47.1332;-63.225
05/06/2020;CASIER/CAGE - TRAP/POT;1;0;0;47.1562;-63.2698
04/06/2020;CASIER/CAGE - TRAP/POT;1;0;0;47.3222;-63.577
31/05/2020;CASIER/CAGE - TRAP/POT;1;0;0;47.555;-63.6808
04/06/2020;CASIER/CAGE - TRAP/POT;5;0;2250 (450 chacun);47.9383;-63.7592
04/06/2020;CASIER/CAGE - TRAP/POT;1;0;0;48.0018;-63.5195
04/06/2020;CASIER/CAGE - TRAP/POT;1;0;0;48.0183;-63.4992
04/06/2020;CASIER/CAGE - TRAP/POT;1;0;0;47.4462;-63.515
05/06/2020;AUTRE - OTHER;1;0;75;47.5418;-63.7114
01/06/2020;CASIER/CAGE - TRAP/POT;1;0;0;46.7364;-61.4393
01/06/2020;CASIER/CAGE - TRAP/POT;1;0;0;46.7313;-61.4451
01/06/2020;CASIER/CAGE - TRAP/POT;1;0;0;46.7891;-61.8831
27/05/2020;CASIER/CAGE - TRAP/POT;1;0;0;46.777;-61.4149
27/05/2020;CASIER/CAGE - TRAP/POT;1;0;0;46.7881;-61.4063
27/05/2020;CASIER/CAGE - TRAP/POT;1;0;0;46.7413;-61.4337
04/06/2020;CASIER/CAGE - TRAP/POT;1;0;500;48.0328;-64.8527
05/06/2020;CASIER/CAGE - TRAP/POT;1;0;0;47.9973;-65.1463
05/06/2020;CASIER/CAGE - TRAP/POT;1;0;0;47.9982;-65.1433
05/06/2020;CASIER/CAGE - TRAP/POT;1;0;0;47.9993;-65.1407
05/06/2020;CASIER/CAGE - TRAP/POT;1;0;0;48.0005;-65.1375
05/06/2020;CASIER/CAGE - TRAP/POT;1;0;0;48.0018;-65.1342
05/06/2020;CASIER/CAGE - TRAP/POT;1;0;0;48.003;-65.1308
05/06/2020;CASIER/CAGE - TRAP/POT;1;0;0;48.0043;-65.1278
05/06/2020;CASIER/CAGE - TRAP/POT;1;0;0;48.0057;-65.1245
05/06/2020;CASIER/CAGE - TRAP/POT;1;0;0;48.007;-65.1207
08/06/2020;CASIER/CAGE - TRAP/POT;1;0;0;See notes;See notes
08/06/2020;CASIER/CAGE - TRAP/POT;1;0;0;46.8425;-63.9583
08/06/2020;CASIER/CAGE - TRAP/POT;1;0;0;46.8105;-63.9823
07/06/2020;CASIER/CAGE - TRAP/POT;1;0;0;47.7422;-63.6885
07/06/2020;CASIER/CAGE - TRAP/POT;1;0;0;47.7345;-63.703
07/06/2020;CASIER/CAGE - TRAP/POT;1;0;0;47.7008;-63.6472
07/06/2020;CASIER/CAGE - TRAP/POT;1;0;0;47.5633;-63.6843
05/06/2020;CASIER/CAGE - TRAP/POT;1;0;0;47.3843;-63.5942
09/06/2020;CASIER/CAGE - TRAP/POT;7;0;636;48.0275;-64.4813
04/06/2020;CASIER/CAGE - TRAP/POT;5;0;516;48.0214;-64.4836
04/06/2020;CASIER/CAGE - TRAP/POT;5;0;516;48.0071;-64.4536
04/06/2020;CASIER/CAGE - TRAP/POT;5;0;516;48.0078;-64.4536
03/06/2020;CASIER/CAGE - TRAP/POT;1;0;25;45.3516;-59.105
03/06/2020;CASIER/CAGE - TRAP/POT;1;0;25;45.3571;-59.1817
28/05/2020;CASIER/CAGE - TRAP/POT;1;0;500;48.3148;-63.8323
28/05/2020;CASIER/CAGE - TRAP/POT;1;0;500;48.0263;-63.6397
08/06/2020;CASIER/CAGE - TRAP/POT;1;0;500;48.2008;-64.4022
04/06/2020;CASIER/CAGE - TRAP/POT;1;0;410;47.4358;-63.3078
16/05/2020;CASIER/CAGE - TRAP/POT;3;0;0;See notes;See notes
;CASIER/CAGE - TRAP/POT;5;20;72;46.2472;-60.0273
27/05/2020;CASIER/CAGE - TRAP/POT;1;0;0;46.7664;-61.7436
;CASIER/CAGE - TRAP/POT;1;0;0;47.6154;-64.1849
;CASIER/CAGE - TRAP/POT;1;0;0;47.6087;-64.3069
18/05/2020;;5;0;30-60;See notes;See notes
05/06/2020;CASIER/CAGE - TRAP/POT;1;0;0;48.0608;-65.836
05/06/2020;CASIER/CAGE - TRAP/POT;1;0;0;47.9163;-65.209
06/06/2020;CASIER/CAGE - TRAP/POT;1;0;0;See notes;See notes
07/06/2020;CASIER/CAGE - TRAP/POT;8;0;0;47.9748;-64.4457
09/06/2020;CASIER/CAGE - TRAP/POT;1;0;0;See notes;See notes
05/06/2020;CASIER/CAGE - TRAP/POT;1;0;225;47.2043;-63.6637
05/06/2020;CASIER/CAGE - TRAP/POT;1;0;225;47.6675;-62.5383
22/05/2020;CASIER/CAGE - TRAP/POT;2;2;0;46.5173;-61.0808
09/06/2020;CASIER/CAGE - TRAP/POT;4;4;40;46.5183;-61.0788
08/06/2020;CASIER/CAGE - TRAP/POT;1;0;1;46.8367;-64.0017
08/06/2020;CASIER/CAGE - TRAP/POT;5;0;0;47.9622;-64.5825
10/06/2020;CASIER/CAGE - TRAP/POT;1;0;0;See notes;See notes
07/06/2020;CASIER/CAGE - TRAP/POT;1;0;480;47.8472;-60.9044
28/05/2020;CASIER/CAGE - TRAP/POT;1;0;480;47.9189;-60.9463
04/06/2020;CASIER/CAGE - TRAP/POT;1;0;350;46.792;-61.3585
10/06/2020;CASIER/CAGE - TRAP/POT;1;0;0;See notes;See notes
;CASIER/CAGE - TRAP/POT;73;0;60;See notes;See notes
10/06/2020;CASIER/CAGE - TRAP/POT;6;0;0;46.202;-59.8783
09/05/2020;CASIER/CAGE - TRAP/POT;1;0;140;48.3115;-60.9945
09/05/2020;CASIER/CAGE - TRAP/POT;1;0;140;;
09/05/2020;CASIER/CAGE - TRAP/POT;1;0;140;;
07/05/2020;CASIER/CAGE - TRAP/POT;1;0;140;47.5907;-63.7389
07/05/2020;CASIER/CAGE - TRAP/POT;1;0;140;47.5541;-63.7217
07/05/2020;CASIER/CAGE - TRAP/POT;1;0;140;47.6829;-63.5164
08/06/2020;CASIER/CAGE - TRAP/POT;1;0;0;See notes;See notes
08/06/2020;CASIER/CAGE - TRAP/POT;1;0;0;See notes;See notes
08/06/2020;CASIER/CAGE - TRAP/POT;1;0;0;See notes;See notes
08/06/2020;CASIER/CAGE - TRAP/POT;1;0;0;See notes;See notes
08/06/2020;CASIER/CAGE - TRAP/POT;1;0;0;See notes;See notes
08/06/2020;CASIER/CAGE - TRAP/POT;1;0;0;See notes;See notes
08/06/2020;CASIER/CAGE - TRAP/POT;1;0;0;See notes;See notes
08/06/2020;CASIER/CAGE - TRAP/POT;1;0;0;See notes;See notes
08/06/2020;CASIER/CAGE - TRAP/POT;1;0;450;47.7605;-63.6543
09/06/2020;CASIER/CAGE - TRAP/POT;1;0;0;47.801;-63.7263
07/06/2020;CASIER/CAGE - TRAP/POT;1;0;450;47.3349;-63.4467
06/06/2020;CASIER/CAGE - TRAP/POT;1;0;450;47.3689;-63.4563
07/06/2020;CASIER/CAGE - TRAP/POT;1;0;450;47.9476;-65.2333
11/06/2020;CASIER/CAGE - TRAP/POT;1;0;90;45.8352;-53.2661
11/06/2020;CASIER/CAGE - TRAP/POT;1;0;0;46.8355;-63.9707
10/06/2020;CASIER/CAGE - TRAP/POT;1;0;0;46.7527;-63.9351
11/06/2020;CASIER/CAGE - TRAP/POT;2;0;0;See notes;See notes
09/06/2020;CASIER/CAGE - TRAP/POT;1;0;0;47.4642;-63.4872
08/06/2020;CASIER/CAGE - TRAP/POT;2;0;1020;48.1653;-64.8095
08/06/2020;CASIER/CAGE - TRAP/POT;1;0;410;47.3903;-64.3933
;CASIER/CAGE - TRAP/POT;1;0;410;47.3814;-63.4686
13/06/2020;CASIER/CAGE - TRAP/POT;1;0;2;46.55;-61.065
08/06/2020;CASIER/CAGE - TRAP/POT;1;0;300?;48.153;-64.4336
13/06/2020;CASIER/CAGE - TRAP/POT;1;0;450;46.7607;-62.0767
10/06/2020;CASIER/CAGE - TRAP/POT;1;0;450;47.4147;-63.1413
01/06/2020;CASIER/CAGE - TRAP/POT;1;0;0;47.4752;-63.4875
09/06/2020;CASIER/CAGE - TRAP/POT;1;0;0;47.2942;-63.3828
11/06/2020;CASIER/CAGE - TRAP/POT;1;0;780;45.1958;-60.6988
10/06/2020;CASIER/CAGE - TRAP/POT;1;0;500;47.1867;-62.6608
10/06/2020;CASIER/CAGE - TRAP/POT;1;0;500;47.273;-62.6783
08/06/2020;CASIER/CAGE - TRAP/POT;1;0;0;47.9183;-65.2358
08/06/2020;CASIER/CAGE - TRAP/POT;1;0;0;47.9335;-65.2357
13/06/2020;CASIER/CAGE - TRAP/POT;1;0;0;47.8975;-65.2463
13/06/2020;CASIER/CAGE - TRAP/POT;1;0;0;48.1542;-64.5018
14/06/2020;CASIER/CAGE - TRAP/POT;1;0;0;See notes;See notes
05/06/2020;CASIER/CAGE - TRAP/POT;1;0;0;47.9133;-65.2178
15/06/2020;CASIER/CAGE - TRAP/POT;1;0;0;48.3271;-64.1295
15/06/2020;CASIER/CAGE - TRAP/POT;1;0;0;48.1358;-64.6698
15/06/2020;CASIER/CAGE - TRAP/POT;1;0;0;48.2721;-64.5065
10/06/2020;CASIER/CAGE - TRAP/POT;5;0;3000;48.6735;-64.0762
09/06/2020;CASIER/CAGE - TRAP/POT;1;0;400;46.7021;-61.4373
13/06/2020;CASIER/CAGE - TRAP/POT;1;0;0;46.47;-61.9867
13/06/2020;CASIER/CAGE - TRAP/POT;1;0;38;47.431;-63.163
09/06/2020;CASIER/CAGE - TRAP/POT;1;7;450;47.4428;-62.4756
10/06/2020;CASIER/CAGE - TRAP/POT;1;0;480;47.9683;-65.1586
13/06/2020;CASIER/CAGE - TRAP/POT;1;0;450;47.4328;-63.1548
08/06/2020;CASIER/CAGE - TRAP/POT;1;0;80;47.3649;-63.4497
08/06/2020;CASIER/CAGE - TRAP/POT;1;0;80;47.4324;-63.2754
08/06/2020;CASIER/CAGE - TRAP/POT;1;0;80;47.3326;-63.4996
15/06/2020;CASIER/CAGE - TRAP/POT;1;0;0;46.8333;-63.9978
13/06/2020;CASIER/CAGE - TRAP/POT;2;0;600;48.1658;-63.659
15/06/2020;CASIER/CAGE - TRAP/POT;1;0;0;46.8739;-63.9795
15/06/2020;CASIER/CAGE - TRAP/POT;1;0;0;46.7489;-63.959
15/06/2020;CASIER/CAGE - TRAP/POT;1;0;0;46.8458;-63.9741
15/06/2020;CASIER/CAGE - TRAP/POT;1;0;0;47.77;-62.3435
08/06/2020;CASIER/CAGE - TRAP/POT;1;0;80;47.4361;-63.298
15/06/2020;CASIER/CAGE - TRAP/POT;1;0;80;47.3973;-63.2134
14/06/2020;CASIER/CAGE - TRAP/POT;1;0;80;47.9576;-63.4175
N/A;CASIER/CAGE - TRAP/POT;1;0;400;47.4977;-64.1285
N/A;CASIER/CAGE - TRAP/POT;1;0;400;47.4811;-64.158
13/06/2020;CASIER/CAGE - TRAP/POT;1;0;450;47.4293;-64.206
16/06/2020;CASIER/CAGE - TRAP/POT;1;0;0;46.838;-64.0118
05/06/2020;CASIER/CAGE - TRAP/POT;1;0;540;48.394;-64.494
01/06/2020;CASIER/CAGE - TRAP/POT;2;0;770;See notes;See notes
04/06/2020;CASIER/CAGE - TRAP/POT;1;0;510;47.8803;-60.9789
15/06/2020;CASIER/CAGE - TRAP/POT;6;0;380;46.4903;-62.396
15/06/2020;CASIER/CAGE - TRAP/POT;1;0;450;47.0967;-63.4353
17/06/2020;CASIER/CAGE - TRAP/POT;1;0;498;47.3494;-62.6797
16/06/2020;CASIER/CAGE - TRAP/POT;3;0;100;See notes;See notes
10/06/2020;CASIER/CAGE - TRAP/POT;2;0;0;See notes;See notes
10/06/2020;CASIER/CAGE - TRAP/POT;1;0;450;47.402;-63.1401
12/06/2020;CASIER/CAGE - TRAP/POT;1;0;0;47.7903;-62.9282
17/06/2020;CASIER/CAGE - TRAP/POT;1;0;0;46.8706;-63.9795
14/06/2020;CASIER/CAGE - TRAP/POT;1;0;600;47.7739;-60.8128
13/06/2020;CASIER/CAGE - TRAP/POT;1;0;480;48.0665;-64.8917
13/06/2020;CASIER/CAGE - TRAP/POT;1;0;480;48.0475;-64.8693
17/06/2020;CASIER/CAGE - TRAP/POT;2;0;0;See notes;See notes
18/06/2020;CASIER/CAGE - TRAP/POT;1;0;0;See notes;See notes
18/06/2020;CASIER/CAGE - TRAP/POT;6;0;0;46.4503;-61.9533
13/06/2020;AUTRE - OTHER;1;0;0;47.8194;-62.9308
18/06/2020;CASIER/CAGE - TRAP/POT;2;0;0;See notes;See notes
18/06/2020;CASIER/CAGE - TRAP/POT;6;0;0;See notes;See notes
16/06/2020;CASIER/CAGE - TRAP/POT;1;0;;46.1153;-61.4875
31/05/2020;CASIER/CAGE - TRAP/POT;1;0;90;See notes;See notes
13/06/2020;CASIER/CAGE - TRAP/POT;1;0;420;;
09/05/2020;CASIER/CAGE - TRAP/POT;5;0;0;See notes;See notes
15/06/2020;CASIER/CAGE - TRAP/POT;1;0;500;47.9325;-65.1166
15/06/2020;CASIER/CAGE - TRAP/POT;1;0;500;48.1298;-64.5795
15/06/2020;CASIER/CAGE - TRAP/POT;1;0;500;48.0329;-64.7663
;CASIER/CAGE - TRAP/POT;7;0;0;See notes;See notes
20/06/2020;CASIER/CAGE - TRAP/POT;1;0;0;46.8713;-63.9666
17/06/2020;CASIER/CAGE - TRAP/POT;1;0;522;48.1713;-64.8123
20/06/2020;CASIER/CAGE - TRAP/POT;1;0;0;46.867;-63.9725
08/06/2020;;5;0;0;See notes;See notes
16/06/2020;CASIER/CAGE - TRAP/POT;1;0;0;47.3275;-63.1751
15/06/2020;CASIER/CAGE - TRAP/POT;1;0;0;47.3552;-63.4118
15/06/2020;CASIER/CAGE - TRAP/POT;1;0;0;47.8267;-62.4268
22/06/2020;CASIER/CAGE - TRAP/POT;1;0;0;47.1148;-63.2045
22/06/2020;CASIER/CAGE - TRAP/POT;1;0;0;48.1844;-64.6753
22/06/2020;CASIER/CAGE - TRAP/POT;1;0;0;47.6693;-62.5479
22/06/2020;CASIER/CAGE - TRAP/POT;1;0;0;47.6055;-62.4804
22/06/2020;CASIER/CAGE - TRAP/POT;1;0;0;47.1148;-63.2045
17/06/2020;CASIER/CAGE - TRAP/POT;1;0;0;47.822;-62.4713
19/06/2020;CASIER/CAGE - TRAP/POT;1;0;0;47.221;-62.6775
19/06/2020;CASIER/CAGE - TRAP/POT;1;0;0;47.2502;-62.6895
19/06/2020;CASIER/CAGE - TRAP/POT;1;0;450;49.9592;-60.9925
17/06/2020;CASIER/CAGE - TRAP/POT;1;0;450;47.3725;-62.5303
07/04/2020;CASIER/CAGE - TRAP/POT;1;0;360;44.28;-67
;CASIER/CAGE - TRAP/POT;7;0;0;See notes;See notes
25/05/2020;CASIER/CAGE - TRAP/POT;1;0;0;See notes;See notes
05/06/2020;CASIER/CAGE - TRAP/POT;1;0;0;See notes;See notes
22/06/2020;CASIER/CAGE - TRAP/POT;1;0;450;47.7728;-62.5132
17/06/2020;CASIER/CAGE - TRAP/POT;1;0;450;47.259;-63.0902
24/06/2020;CASIER/CAGE - TRAP/POT;1;0;0;46.8577;-63.9966
22/06/2020;CASIER/CAGE - TRAP/POT;1;0;0;47.2498;-63.08
10/05/2020;CASIER/CAGE - TRAP/POT;13;0;0;44.8822;-62.1336
17/06/2020;CASIER/CAGE - TRAP/POT;2;0;150;48.0582;-64.8991
17/06/2020;CASIER/CAGE - TRAP/POT;1;0;300;47.979;-64.966
12/06/2020;CASIER/CAGE - TRAP/POT;1;0;540;46.7741;-61.3921
12/06/2020;CASIER/CAGE - TRAP/POT;1;0;540;46.743;-61.4102
12/06/2020;CASIER/CAGE - TRAP/POT;1;0;540;46.7859;-61.3632
25/06/2020;CASIER/CAGE - TRAP/POT;1;0;0;46.8925;-63.9817
05/06/2020;CASIER/CAGE - TRAP/POT;1;0;480;47.3197;-63.5462
05/06/2020;CASIER/CAGE - TRAP/POT;1;0;480;47.411;-63.5513
05/06/2020;CASIER/CAGE - TRAP/POT;1;0;480;47.3197;-63.5462
26/06/2020;CASIER/CAGE - TRAP/POT;1;0;240;47.2166;-60.9793
26/06/2020;CASIER/CAGE - TRAP/POT;1;0;480;47.8218;-62.394
24/05/2020;CASIER/CAGE - TRAP/POT;1;0;480;47.006;-62.4978
24/06/2020;CASIER/CAGE - TRAP/POT;1;0;450;46.8957;-61.2785
24/06/2020;CASIER/CAGE - TRAP/POT;1;0;450;47.1399;-61.064
24/06/2020;CASIER/CAGE - TRAP/POT;1;0;450;46.8855;-61.428
24/06/2020;CASIER/CAGE - TRAP/POT;1;0;450;46.7273;-61.428
24/06/2020;CASIER/CAGE - TRAP/POT;1;0;450;46.8855;-61.2785
24/06/2020;CASIER/CAGE - TRAP/POT;1;0;450;46.929;-61.2418
19/06/2020;CASIER/CAGE - TRAP/POT;1;0;400;46.7455;-61.4577
13/05/2020;CASIER/CAGE - TRAP/POT;4;0;0;45.2388;-61.0063
28/06/2020;CASIER/CAGE - TRAP/POT;1;0;0;46.9641;-62.8492
28/06/2020;CASIER/CAGE - TRAP/POT;1;0;0;47.4779;-62.4873
27/06/2020;CASIER/CAGE - TRAP/POT;1;0;0;;
27/06/2020;CASIER/CAGE - TRAP/POT;1;0;0;47.2482;-63.0739
27/06/2020;CASIER/CAGE - TRAP/POT;1;0;0;47.2459;-63.0732
27/06/2020;CASIER/CAGE - TRAP/POT;1;0;0;47.2409;-62.0716
21/06/2020;CASIER/CAGE - TRAP/POT;1;0;450;47.6089;-62.5154
26/06/2020;CASIER/CAGE - TRAP/POT;1;0;36;47.2768;-63.1028
27/06/2020;CASIER/CAGE - TRAP/POT;1;0;0;47.3262;-63.212
27/06/2020;CASIER/CAGE - TRAP/POT;1;0;0;47.272;-60.0552
27/06/2020;CASIER/CAGE - TRAP/POT;1;0;0;47.7417;-62.57
27/06/2020;CASIER/CAGE - TRAP/POT;1;0;0;47.7063;-62.5772
27/06/2020;CASIER/CAGE - TRAP/POT;1;0;0;47.7803;-62.3782
27/06/2020;CASIER/CAGE - TRAP/POT;1;0;0;47.7415;-62.5705
N/A;CASIER/CAGE - TRAP/POT;13;0;0;See notes;See notes
29/06/2020;CASIER/CAGE - TRAP/POT;1;0;450;47.2923;-63.0432
27/06/2020;CASIER/CAGE - TRAP/POT;2;0;0;48;-65.0722
27/06/2020;CASIER/CAGE - TRAP/POT;1;0;0;47.9913;-65.0662
04/06/2020;CASIER/CAGE - TRAP/POT;1;0;450;47.3808;-62.5153
10/06/2020;CASIER/CAGE - TRAP/POT;1;0;450;47.4549;-62.4642
27/05/2020;CASIER/CAGE - TRAP/POT;1;0;450;47.4162;-62.4455
28/06/2020;CASIER/CAGE - TRAP/POT;1;0;350;46.4373;-61.4047
28/06/2020;CASIER/CAGE - TRAP/POT;1;0;350;46.4417;-61.4083
30/06/2020;CASIER/CAGE - TRAP/POT;1;0;0;48.2607;-64.5402
28/06/2020;CASIER/CAGE - TRAP/POT;1;0;450;46.945;-61.2417
28/06/2020;CASIER/CAGE - TRAP/POT;1;0;450;46.6433;-61.4958
30/06/2020;CASIER/CAGE - TRAP/POT;1;0;450;47.3372;-60.8696
27/05/2020;CASIER/CAGE - TRAP/POT;1;0;500;48.0201;-63.5082
30/06/2020;CASIER/CAGE - TRAP/POT;1;0;0;47.9752;-65.1018
30/06/2020;CASIER/CAGE - TRAP/POT;1;0;0;48.0189;-65.0489
30/06/2020;CASIER/CAGE - TRAP/POT;1;0;0;48.1722;-64.6534
27/06/2020;CASIER/CAGE - TRAP/POT;1;0;0;47.3702;-62.6748
27/06/2020;CASIER/CAGE - TRAP/POT;1;0;0;47.268;-62.6542
27/06/2020;CASIER/CAGE - TRAP/POT;1;0;0;47.1175;-62.7883
27/06/2020;CASIER/CAGE - TRAP/POT;1;0;0;47.9907;-63.0082
27/06/2020;CASIER/CAGE - TRAP/POT;1;0;0;47.0233;-63.0252
27/06/2020;CASIER/CAGE - TRAP/POT;1;0;0;46.9722;-63.0208
27/06/2020;CASIER/CAGE - TRAP/POT;1;0;0;46.9522;-63.0668
27/06/2020;CASIER/CAGE - TRAP/POT;1;0;0;47.1911;-62.6508
27/06/2020;CASIER/CAGE - TRAP/POT;1;0;0;47.1287;-62.5963
27/06/2020;CASIER/CAGE - TRAP/POT;1;0;0;47.0521;-62.5154
27/06/2020;CASIER/CAGE - TRAP/POT;1;0;0;47.0463;-62.6065
27/06/2020;CASIER/CAGE - TRAP/POT;1;0;0;47.0614;-62.5361
27/06/2020;CASIER/CAGE - TRAP/POT;1;0;0;46.9688;-62.4885
27/06/2020;CASIER/CAGE - TRAP/POT;1;0;0;47.0004;-62.7672
27/06/2020;CASIER/CAGE - TRAP/POT;1;0;0;46.5224;-62.6839
27/06/2020;CASIER/CAGE - TRAP/POT;1;0;0;48.2023;-61.5198
26/06/2020;CASIER/CAGE - TRAP/POT;1;0;500;47.172;-62.587
27/06/2020;CASIER/CAGE - TRAP/POT;1;0;500;47.273;-62.6783
29/06/2020;CASIER/CAGE - TRAP/POT;1;0;500;47.273;-62.6783
29/06/2020;CASIER/CAGE - TRAP/POT;1;0;500;47.2965;-62.559
30/06/2020;CASIER/CAGE - TRAP/POT;1;0;500;47.1867;-62.6608
30/06/2020;CASIER/CAGE - TRAP/POT;1;0;500;47.1867;-62.6608
13/06/2020;CASIER/CAGE - TRAP/POT;1;0;480;48.0692;-64.9395
13/06/2020;CASIER/CAGE - TRAP/POT;1;0;480;47.2538;-62.7067
30/06/2020;CASIER/CAGE - TRAP/POT;1;0;480;48.0552;-64.7057
12/06/2020;CASIER/CAGE - TRAP/POT;1;0;480;47.2732;-62.6967
30/06/2020;CASIER/CAGE - TRAP/POT;1;0;480;48.0552;-64.7057
12/06/2020;CASIER/CAGE - TRAP/POT;1;0;480;46.951;-62.4612
20/06/2020;CASIER/CAGE - TRAP/POT;29;0;4200;42.3569;-64.9869
30/06/2020;CASIER/CAGE - TRAP/POT;1;0;0;47.5945;-62.3675
30/06/2020;CASIER/CAGE - TRAP/POT;1;0;0;47.3675;-62.413
30/06/2020;CASIER/CAGE - TRAP/POT;1;0;0;47.7458;-62.381
30/06/2020;CASIER/CAGE - TRAP/POT;1;0;0;47.9553;-62.2865
30/06/2020;CASIER/CAGE - TRAP/POT;1;0;0;47.9643;-62.2458
30/06/2020;CASIER/CAGE - TRAP/POT;1;0;0;47.7842;-62.2368
30/06/2020;CASIER/CAGE - TRAP/POT;1;0;0;47.9608;-62.2168
30/06/2020;CASIER/CAGE - TRAP/POT;1;0;0;47.6628;-62.4443
26/06/2020;CASIER/CAGE - TRAP/POT;1;0;240;46.8103;-61.9913
01/07/2020;CASIER/CAGE - TRAP/POT;1;0;0;47.68;-62.5117
01/07/2020;CASIER/CAGE - TRAP/POT;1;0;0;47.662;-62.521
21/06/2020;CASIER/CAGE - TRAP/POT;5;0;420;45.3017;-61.5675
15/06/2020;CASIER/CAGE - TRAP/POT;1;0;0;See notes;See notes
02/06/2020;CASIER/CAGE - TRAP/POT;1;0;0;See notes;See notes
24/06/2020;CASIER/CAGE - TRAP/POT;1;0;450;48.2083;-64.3703
22/06/2020;CASIER/CAGE - TRAP/POT;2;0;900;48.0145;-64.9628
30/06/2020;CASIER/CAGE - TRAP/POT;1;0;450;47.682;-62.6068
30/06/2020;CASIER/CAGE - TRAP/POT;1;0;450;48.0167;-63.2633
03/07/2020;CASIER/CAGE - TRAP/POT;1;0;0;46.8147;-63.987
05/07/2020;CASIER/CAGE - TRAP/POT;1;0;600;45.028;-60.9587
04/07/2020;CASIER/CAGE - TRAP/POT;5;0;0;See notes;See notes
06/07/2020;CASIER/CAGE - TRAP/POT;1;0;500;46.5732;-61.3408
;CASIER/CAGE - TRAP/POT;1;0;260;48.0162;-63.3944
;CASIER/CAGE - TRAP/POT;1;0;260;47.9459;-63.3608
;CASIER/CAGE - TRAP/POT;1;0;260;47.8823;-63.2336
;CASIER/CAGE - TRAP/POT;1;0;260;47.8209;-63.3003
;CASIER/CAGE - TRAP/POT;1;0;260;47.2759;-63.0484
03/07/2020;CASIER/CAGE - TRAP/POT;2;0;180;;
N/A;CASIER/CAGE - TRAP/POT;4;0;192;N/A;N/A
30/06/2020;CASIER/CAGE - TRAP/POT;1;0;0;47.9643;-63.3547
30/06/2020;CASIER/CAGE - TRAP/POT;1;0;0;48.1475;-64.5762
04/07/2020;CASIER/CAGE - TRAP/POT;1;0;0;46.8293;-64.0199
;CASIER/CAGE - TRAP/POT;1;0;450;46.5899;-63.6934
;CASIER/CAGE - TRAP/POT;1;0;450;46.5709;-63.7322
20/06/2020;CASIER/CAGE - TRAP/POT;1;0;0;45.0635;-59.6063
28/06/2020;CASIER/CAGE - TRAP/POT;1;0;0;47.449;-63.4963
28/06/2020;CASIER/CAGE - TRAP/POT;1;0;0;47.4957;-63.4963
28/06/2020;CASIER/CAGE - TRAP/POT;1;0;0;47.3018;-62.3863
19/05/2020;CASIER/CAGE - TRAP/POT;1;0;480;47.5652;-63.7181
27/06/2020;CASIER/CAGE - TRAP/POT;6;0;0;See notes;See notes
19/06/2020;CASIER/CAGE - TRAP/POT;2;0;80;46.1215;-61.4768
12/06/2020;CASIER/CAGE - TRAP/POT;1;0;540;46.6916;-61.4463
28/06/2020;CASIER/CAGE - TRAP/POT;1;0;450;;
28/06/2020;CASIER/CAGE - TRAP/POT;1;0;450;46.742;-62.0637
28/06/2020;CASIER/CAGE - TRAP/POT;1;0;450;47.0515;-62.4268
28/06/2020;CASIER/CAGE - TRAP/POT;1;0;450;46.8352;-61.611
28/06/2020;CASIER/CAGE - TRAP/POT;1;0;450;47.0718;-62.4823
04/07/2020;CASIER/CAGE - TRAP/POT;2;60;50;46.7688;-64.0657
04/07/2020;CASIER/CAGE - TRAP/POT;1;0;30;46.7677;-64.0435
01/06/2020;CASIER/CAGE - TRAP/POT;13;0;72-90;See notes;See notes
02/06/2020;CASIER/CAGE - TRAP/POT;1;0;70;45.3973;-59.3591
05/06/2020;CASIER/CAGE - TRAP/POT;1;0;540;48.3372;-64.3918
05/06/2020;CASIER/CAGE - TRAP/POT;1;0;540;;
05/06/2020;CASIER/CAGE - TRAP/POT;1;0;540;;
05/06/2020;CASIER/CAGE - TRAP/POT;1;0;540;48.3288;-64.2862
10/07/2020;CASIER/CAGE - TRAP/POT;1;0;600;46.8698;-60.8697
26/06/2020;CASIER/CAGE - TRAP/POT;3;0;420;47.43;-62.32
;CASIER/CAGE - TRAP/POT;1;0;0;See notes;See notes
;CASIER/CAGE - TRAP/POT;1;0;0;See notes;See notes
;CASIER/CAGE - TRAP/POT;1;0;0;See notes;See notes
;CASIER/CAGE - TRAP/POT;1;0;0;See notes;See notes
;CASIER/CAGE - TRAP/POT;1;0;0;See notes;See notes
;CASIER/CAGE - TRAP/POT;1;0;0;See notes;See notes
;CASIER/CAGE - TRAP/POT;1;0;0;See notes;See notes
;CASIER/CAGE - TRAP/POT;1;0;0;See notes;See notes
;CASIER/CAGE - TRAP/POT;1;0;0;See notes;See notes
;CASIER/CAGE - TRAP/POT;1;0;0;See notes;See notes
;CASIER/CAGE - TRAP/POT;1;0;0;See notes;See notes
;CASIER/CAGE - TRAP/POT;1;0;0;See notes;See notes
;CASIER/CAGE - TRAP/POT;1;0;0;See notes;See notes
;CASIER/CAGE - TRAP/POT;1;0;0;See notes;See notes
;CASIER/CAGE - TRAP/POT;1;0;0;See notes;See notes
;CASIER/CAGE - TRAP/POT;1;0;0;See notes;See notes
